,Cement,Blast Furnace Slag,Fly Ash,Water,Superplasticizer,Coarse Aggregate,Fine Aggregate,Age,Strength
0,540.0,0.0,0.0,162.0,2.5,1040.0,676.0,28,79.99
1,540.0,0.0,0.0,162.0,2.5,1055.0,676.0,28,61.89
2,332.5,142.5,0.0,228.0,0.0,932.0,594.0,270,40.27
3,332.5,142.5,0.0,228.0,0.0,932.0,594.0,365,41.05
4,198.6,132.4,0.0,,0.0,978.4,825.5,360,44.3
5,266.0,114.0,0.0,228.0,0.0,932.0,670.0,90,47.03
6,380.0,95.0,0.0,228.0,0.0,932.0,594.0,365,43.7
7,380.0,95.0,0.0,228.0,0.0,932.0,594.0,28,36.45
8,266.0,114.0,0.0,228.0,0.0,932.0,670.0,28,45.85
9,475.0,0.0,0.0,228.0,0.0,932.0,594.0,28,39.29
10,198.6,132.4,0.0,192.0,0.0,978.4,825.5,90,38.07
11,198.6,132.4,0.0,192.0,0.0,978.4,825.5,28,28.02
12,427.5,47.5,0.0,228.0,0.0,932.0,594.0,270,43.01
13,190.0,190.0,0.0,228.0,0.0,932.0,670.0,90,42.33
14,304.0,76.0,0.0,228.0,0.0,932.0,670.0,28,47.81
15,380.0,0.0,0.0,228.0,0.0,932.0,670.0,90,52.91
16,139.6,209.4,0.0,192.0,0.0,1047.0,806.9,90,39.36
17,342.0,38.0,0.0,228.0,0.0,932.0,670.0,365,56.14
18,380.0,95.0,0.0,228.0,0.0,932.0,594.0,90,40.56
19,475.0,0.0,0.0,228.0,0.0,932.0,594.0,180,42.62
20,427.5,47.5,0.0,228.0,0.0,932.0,594.0,180,41.84
21,139.6,209.4,0.0,192.0,0.0,1047.0,806.9,28,28.24
22,139.6,209.4,0.0,192.0,0.0,1047.0,806.9,3,8.06
23,139.6,209.4,0.0,192.0,0.0,1047.0,806.9,180,44.21
24,380.0,0.0,0.0,228.0,0.0,932.0,670.0,365,52.52
25,380.0,0.0,0.0,228.0,0.0,932.0,670.0,270,53.3
26,380.0,95.0,0.0,228.0,0.0,932.0,594.0,270,41.15
27,342.0,38.0,0.0,228.0,0.0,932.0,670.0,180,52.12
28,427.5,47.5,0.0,228.0,0.0,932.0,594.0,28,37.43
29,475.0,0.0,0.0,228.0,0.0,932.0,594.0,7,38.6
30,304.0,76.0,0.0,228.0,0.0,932.0,670.0,365,55.26
31,266.0,114.0,0.0,228.0,0.0,932.0,670.0,365,52.91
32,198.6,132.4,0.0,192.0,0.0,978.4,825.5,180,41.72
33,475.0,0.0,0.0,228.0,0.0,932.0,594.0,270,42.13
34,190.0,190.0,0.0,228.0,0.0,932.0,670.0,365,53.69
35,237.5,237.5,0.0,228.0,0.0,932.0,594.0,270,38.41
36,237.5,237.5,0.0,228.0,0.0,932.0,594.0,28,30.08
37,332.5,142.5,0.0,228.0,0.0,932.0,594.0,90,37.72
38,475.0,0.0,0.0,228.0,0.0,932.0,594.0,90,42.23
39,237.5,237.5,0.0,228.0,0.0,932.0,594.0,180,36.25
40,342.0,38.0,0.0,228.0,0.0,932.0,670.0,90,50.46
41,427.5,47.5,0.0,228.0,0.0,932.0,594.0,365,43.7
42,237.5,237.5,0.0,228.0,0.0,932.0,594.0,365,39.0
43,380.0,0.0,0.0,228.0,0.0,932.0,670.0,180,53.1
44,427.5,47.5,0.0,228.0,0.0,932.0,594.0,90,41.54
45,427.5,47.5,0.0,228.0,0.0,932.0,594.0,7,35.08
46,349.0,0.0,0.0,192.0,0.0,1047.0,806.9,3,15.05
47,380.0,95.0,0.0,228.0,0.0,932.0,594.0,180,40.76
48,237.5,237.5,0.0,228.0,0.0,932.0,594.0,7,26.26
49,380.0,95.0,0.0,228.0,0.0,932.0,594.0,7,32.82
50,332.5,142.5,0.0,228.0,0.0,932.0,594.0,180,39.78
51,190.0,190.0,0.0,228.0,0.0,932.0,670.0,180,46.93
52,237.5,237.5,0.0,228.0,0.0,932.0,594.0,90,33.12
53,304.0,76.0,0.0,228.0,0.0,932.0,670.0,90,49.19
54,139.6,209.4,0.0,192.0,0.0,1047.0,806.9,7,14.59
55,198.6,132.4,0.0,192.0,0.0,978.4,825.5,7,14.64
56,475.0,0.0,0.0,228.0,0.0,932.0,594.0,365,41.93
57,198.6,132.4,0.0,192.0,0.0,978.4,825.5,3,9.13
58,304.0,76.0,0.0,228.0,0.0,932.0,670.0,180,50.95
59,332.5,142.5,0.0,228.0,0.0,932.0,594.0,28,33.02
60,304.0,76.0,0.0,228.0,0.0,932.0,670.0,270,54.38
61,266.0,114.0,0.0,228.0,0.0,932.0,670.0,270,51.73
62,310.0,0.0,0.0,192.0,0.0,971.0,850.6,3,9.87
63,190.0,190.0,0.0,228.0,0.0,932.0,670.0,270,50.66
64,266.0,114.0,0.0,228.0,0.0,932.0,670.0,180,48.7
65,342.0,38.0,0.0,228.0,0.0,932.0,670.0,270,55.06
66,139.6,209.4,0.0,192.0,0.0,1047.0,806.9,360,44.7
67,332.5,142.5,0.0,228.0,0.0,932.0,594.0,7,30.28
68,190.0,190.0,0.0,228.0,0.0,932.0,670.0,28,40.86
69,485.0,0.0,0.0,146.0,0.0,1120.0,800.0,28,71.99
70,374.0,189.2,0.0,170.1,10.1,926.1,756.7,3,34.4
71,313.3,262.2,0.0,175.5,8.6,1046.9,611.8,3,28.8
72,425.0,106.3,0.0,153.5,16.5,852.1,887.1,3,33.4
73,425.0,106.3,0.0,151.4,18.6,936.0,803.7,3,36.3
74,375.0,93.8,0.0,126.6,23.4,852.1,992.6,3,29.0
75,475.0,118.8,0.0,181.1,8.9,852.1,781.5,3,37.8
76,469.0,117.2,0.0,137.8,32.2,852.1,840.5,3,40.2
78,388.6,97.1,0.0,157.9,12.1,852.1,925.7,3,28.1
79,531.3,0.0,0.0,141.8,28.2,852.1,893.7,3,41.3
81,318.8,212.5,0.0,155.7,14.3,852.1,880.4,3,25.2
82,401.8,94.7,0.0,147.4,11.4,946.8,852.1,3,41.1
83,362.6,189.0,0.0,164.9,11.6,944.7,755.8,3,35.3
84,323.7,282.8,0.0,183.8,10.3,942.7,659.9,3,28.3
85,379.5,151.2,0.0,153.9,15.9,1134.3,605.0,3,28.6
87,286.3,200.9,0.0,144.7,11.2,1004.6,803.7,3,24.4
89,439.0,177.0,0.0,186.0,11.1,884.9,707.9,3,39.3
90,389.9,189.0,0.0,145.9,22.0,944.7,755.8,3,40.6
92,337.9,189.0,0.0,174.9,9.5,944.7,755.8,3,24.1
93,374.0,189.2,0.0,170.1,10.1,926.1,756.7,7,46.2
94,313.3,262.2,0.0,175.5,8.6,1046.9,611.8,7,42.8
95,425.0,106.3,0.0,153.5,16.5,852.1,887.1,7,49.2
96,425.0,106.3,0.0,151.4,18.6,936.0,803.7,7,46.8
97,375.0,93.8,0.0,126.6,23.4,852.1,992.6,7,45.7
98,475.0,118.8,0.0,181.1,8.9,852.1,781.5,7,55.6
99,469.0,117.2,0.0,137.8,32.2,852.1,840.5,7,54.9
101,388.6,97.1,0.0,157.9,12.1,852.1,925.7,7,34.9
102,531.3,0.0,0.0,141.8,28.2,852.1,893.7,7,46.9
104,318.8,212.5,0.0,155.7,14.3,852.1,880.4,7,33.4
105,401.8,94.7,0.0,147.4,11.4,946.8,852.1,7,54.1
106,362.6,189.0,0.0,164.9,11.6,944.7,755.8,7,55.9
107,323.7,282.8,0.0,183.8,10.3,942.7,659.9,7,49.8
108,379.5,151.2,0.0,153.9,15.9,1134.3,605.0,7,47.1
110,286.3,200.9,0.0,144.7,11.2,1004.6,803.7,7,38.0
112,439.0,177.0,0.0,186.0,11.1,884.9,707.9,7,56.1
113,389.9,189.0,0.0,145.9,22.0,944.7,755.8,7,59.09
114,362.6,189.0,0.0,164.9,11.6,944.7,755.8,7,22.9
115,337.9,189.0,0.0,174.9,9.5,944.7,755.8,7,35.1
116,374.0,189.2,0.0,170.1,10.1,926.1,756.7,28,61.09
117,313.3,262.2,0.0,175.5,8.6,1046.9,611.8,28,59.8
118,425.0,106.3,0.0,153.5,16.5,852.1,887.1,28,60.29
119,425.0,106.3,0.0,151.4,18.6,936.0,803.7,28,61.8
120,375.0,93.8,0.0,126.6,23.4,852.1,992.6,28,56.7
121,475.0,118.8,0.0,181.1,8.9,852.1,781.5,28,68.3
122,469.0,117.2,0.0,137.8,32.2,852.1,840.5,28,66.9
124,388.6,97.1,0.0,157.9,12.1,852.1,925.7,28,50.7
125,531.3,0.0,0.0,141.8,28.2,852.1,893.7,28,56.4
127,318.8,212.5,0.0,155.7,14.3,852.1,880.4,28,55.5
128,401.8,94.7,0.0,147.4,11.4,946.8,852.1,28,68.5
129,362.6,189.0,0.0,164.9,11.6,944.7,755.8,28,71.3
130,323.7,282.8,0.0,183.8,10.3,942.7,659.9,28,74.7
131,379.5,151.2,0.0,153.9,15.9,1134.3,605.0,28,52.2
133,286.3,200.9,0.0,144.7,11.2,1004.6,803.7,28,67.7
135,439.0,177.0,0.0,186.0,11.1,884.9,707.9,28,66.0
136,389.9,189.0,0.0,145.9,22.0,944.7,755.8,28,74.5
138,337.9,189.0,0.0,174.9,9.5,944.7,755.8,28,49.9
139,374.0,189.2,0.0,170.1,10.1,926.1,756.7,56,63.4
140,313.3,262.2,0.0,175.5,8.6,1046.9,611.8,56,64.9
141,425.0,106.3,0.0,153.5,16.5,852.1,887.1,56,64.3
142,425.0,106.3,0.0,151.4,18.6,936.0,803.7,56,64.9
143,375.0,93.8,0.0,126.6,23.4,852.1,992.6,56,60.2
144,475.0,118.8,0.0,181.1,8.9,852.1,781.5,56,72.3
145,469.0,117.2,0.0,137.8,32.2,852.1,840.5,56,69.3
147,388.6,97.1,0.0,157.9,12.1,852.1,925.7,56,55.2
148,531.3,0.0,0.0,141.8,28.2,852.1,893.7,56,58.8
150,318.8,212.5,0.0,155.7,14.3,852.1,880.4,56,66.1
151,401.8,94.7,0.0,147.4,11.4,946.8,852.1,56,73.7
152,362.6,189.0,0.0,164.9,11.6,944.7,755.8,56,77.3
154,323.7,282.8,0.0,183.8,10.3,942.7,659.9,56,80.2
155,379.5,151.2,0.0,153.9,15.9,1134.3,605.0,56,54.9
157,286.3,200.9,0.0,144.7,11.2,1004.6,803.7,56,72.99
159,439.0,177.0,0.0,186.0,11.1,884.9,707.9,56,71.7
160,389.9,189.0,0.0,145.9,22.0,944.7,755.8,56,79.4
162,337.9,189.0,0.0,174.9,9.5,944.7,755.8,56,59.89
163,374.0,189.2,0.0,170.1,10.1,926.1,756.7,91,64.9
164,313.3,262.2,0.0,175.5,8.6,1046.9,611.8,91,66.6
165,425.0,106.3,0.0,153.5,16.5,852.1,887.1,91,65.2
166,425.0,106.3,0.0,151.4,18.6,936.0,803.7,91,66.7
167,375.0,93.8,0.0,126.6,23.4,852.1,992.6,91,62.5
169,475.0,118.8,0.0,181.1,8.9,852.1,781.5,91,74.19
170,469.0,117.2,0.0,137.8,32.2,852.1,840.5,91,70.7
172,388.6,97.1,0.0,157.9,12.1,852.1,925.7,91,57.6
173,531.3,0.0,0.0,141.8,28.2,852.1,893.7,91,59.2
175,318.8,212.5,0.0,155.7,14.3,852.1,880.4,91,68.1
176,401.8,94.7,0.0,147.4,11.4,946.8,852.1,91,75.5
177,362.6,189.0,0.0,164.9,11.6,944.7,755.8,91,79.3
178,379.5,151.2,0.0,153.9,15.9,1134.3,605.0,91,56.5
180,286.3,200.9,0.0,144.7,11.2,1004.6,803.7,91,76.8
182,439.0,177.0,0.0,186.0,11.1,884.9,707.9,91,73.3
183,389.9,189.0,0.0,145.9,22.0,944.7,755.8,91,82.6
185,337.9,189.0,0.0,174.9,9.5,944.7,755.8,91,67.8
186,222.4,0.0,96.7,189.3,4.5,967.1,870.3,3,11.58
187,222.4,0.0,96.7,189.3,4.5,967.1,870.3,14,24.45
188,222.4,0.0,96.7,189.3,4.5,967.1,870.3,28,24.89
189,222.4,0.0,96.7,189.3,4.5,967.1,870.3,56,29.45
190,222.4,0.0,96.7,189.3,4.5,967.1,870.3,100,40.71
191,233.8,0.0,94.6,197.9,4.6,947.0,852.2,3,10.38
192,233.8,0.0,94.6,197.9,4.6,947.0,852.2,14,22.14
193,233.8,0.0,94.6,197.9,4.6,947.0,852.2,28,22.84
194,233.8,0.0,94.6,197.9,4.6,947.0,852.2,56,27.66
195,233.8,0.0,94.6,197.9,4.6,947.0,852.2,100,34.56
196,194.7,0.0,100.5,165.6,7.5,1006.4,905.9,3,12.45
197,194.7,0.0,100.5,165.6,7.5,1006.4,905.9,14,24.99
198,194.7,0.0,100.5,165.6,7.5,1006.4,905.9,28,25.72
199,194.7,0.0,100.5,165.6,7.5,1006.4,905.9,56,33.96
200,194.7,0.0,100.5,165.6,7.5,1006.4,905.9,100,37.34
201,190.7,0.0,125.4,162.1,7.8,1090.0,804.0,3,15.04
202,190.7,0.0,125.4,162.1,7.8,1090.0,804.0,14,21.06
203,190.7,0.0,125.4,162.1,7.8,1090.0,804.0,28,26.4
204,190.7,0.0,125.4,162.1,7.8,1090.0,804.0,56,35.34
205,190.7,0.0,125.4,162.1,7.8,1090.0,804.0,100,40.57
206,212.1,0.0,121.6,180.3,5.7,1057.6,779.3,3,12.47
207,212.1,0.0,121.6,180.3,5.7,1057.6,779.3,14,20.92
208,212.1,0.0,121.6,180.3,5.7,1057.6,779.3,28,24.9
209,212.1,0.0,121.6,180.3,5.7,1057.6,779.3,56,34.2
210,212.1,0.0,121.6,180.3,5.7,1057.6,779.3,100,39.61
211,230.0,0.0,118.3,195.5,4.6,1029.4,758.6,3,10.03
212,230.0,0.0,118.3,195.5,4.6,1029.4,758.6,14,20.08
213,230.0,0.0,118.3,195.5,4.6,1029.4,758.6,28,24.48
214,230.0,0.0,118.3,195.5,4.6,1029.4,758.6,56,31.54
215,230.0,0.0,118.3,195.5,4.6,1029.4,758.6,100,35.34
216,190.3,0.0,125.2,161.9,9.9,1088.1,802.6,3,9.45
217,190.3,0.0,125.2,161.9,9.9,1088.1,802.6,14,22.72
218,190.3,0.0,125.2,161.9,9.9,1088.1,802.6,28,28.47
219,190.3,0.0,125.2,161.9,9.9,1088.1,802.6,56,38.56
220,190.3,0.0,125.2,161.9,9.9,1088.1,802.6,100,40.39
221,166.1,0.0,163.3,176.5,4.5,1058.6,780.1,3,10.76
222,166.1,0.0,163.3,176.5,4.5,1058.6,780.1,14,25.48
223,166.1,0.0,163.3,176.5,4.5,1058.6,780.1,28,21.54
224,166.1,0.0,163.3,176.5,4.5,1058.6,780.1,56,28.63
225,166.1,0.0,163.3,176.5,4.5,1058.6,780.1,100,33.54
226,168.0,42.1,163.8,121.8,5.7,1058.7,780.1,3,7.75
227,168.0,42.1,163.8,121.8,5.7,1058.7,780.1,14,17.82
228,168.0,42.1,163.8,121.8,5.7,1058.7,780.1,28,24.24
229,168.0,42.1,163.8,121.8,5.7,1058.7,780.1,56,32.85
230,168.0,42.1,163.8,121.8,5.7,1058.7,780.1,100,39.23
231,213.7,98.1,24.5,181.7,6.9,1065.8,785.4,3,18.0
232,213.7,98.1,24.5,181.7,6.9,1065.8,785.4,14,30.39
233,213.7,98.1,24.5,181.7,6.9,1065.8,785.4,28,45.71
234,213.7,98.1,24.5,181.7,6.9,1065.8,785.4,56,50.77
235,213.7,98.1,24.5,181.7,6.9,1065.8,785.4,100,53.9
236,213.8,98.1,24.5,181.7,6.7,1066.0,785.5,3,13.18
237,213.8,98.1,24.5,181.7,6.7,1066.0,785.5,14,17.84
238,213.8,98.1,24.5,181.7,6.7,1066.0,785.5,28,40.23
239,213.8,98.1,24.5,181.7,6.7,1066.0,785.5,56,47.13
240,213.8,98.1,24.5,181.7,6.7,1066.0,785.5,100,49.97
241,229.7,0.0,118.2,195.2,6.1,1028.1,757.6,3,13.36
242,229.7,0.0,118.2,195.2,6.1,1028.1,757.6,14,22.32
243,229.7,0.0,118.2,195.2,6.1,1028.1,757.6,28,24.54
244,229.7,0.0,118.2,195.2,6.1,1028.1,757.6,56,31.35
245,229.7,0.0,118.2,195.2,6.1,1028.1,757.6,100,40.86
246,238.1,0.0,94.1,186.7,7.0,949.9,847.0,3,19.93
247,238.1,0.0,94.1,186.7,7.0,949.9,847.0,14,25.69
248,238.1,0.0,94.1,186.7,7.0,949.9,847.0,28,30.23
249,238.1,0.0,94.1,186.7,7.0,949.9,847.0,56,39.59
250,238.1,0.0,94.1,186.7,7.0,949.9,847.0,100,44.3
251,250.0,0.0,95.7,187.4,5.5,956.9,861.2,3,13.82
252,250.0,0.0,95.7,187.4,5.5,956.9,861.2,14,24.92
253,250.0,0.0,95.7,187.4,5.5,956.9,861.2,28,29.22
254,250.0,0.0,95.7,187.4,5.5,956.9,861.2,56,38.33
255,250.0,0.0,95.7,187.4,5.5,956.9,861.2,100,42.35
256,212.5,0.0,100.4,159.3,8.7,1007.8,903.6,3,13.54
257,212.5,0.0,100.4,159.3,8.7,1007.8,903.6,14,26.31
258,212.5,0.0,100.4,159.3,8.7,1007.8,903.6,28,31.64
259,212.5,0.0,100.4,159.3,8.7,1007.8,903.6,56,42.55
260,212.5,0.0,100.4,159.3,8.7,1007.8,903.6,100,42.92
261,212.6,0.0,100.4,159.4,10.4,1003.8,903.8,3,13.33
262,212.6,0.0,100.4,159.4,10.4,1003.8,903.8,14,25.37
263,212.6,0.0,100.4,159.4,10.4,1003.8,903.8,28,37.4
264,212.6,0.0,100.4,159.4,10.4,1003.8,903.8,56,44.4
265,212.6,0.0,100.4,159.4,10.4,1003.8,903.8,100,47.74
266,212.0,0.0,124.8,159.0,7.8,1085.4,799.5,3,19.52
267,212.0,0.0,124.8,159.0,7.8,1085.4,799.5,14,31.35
268,212.0,0.0,124.8,159.0,7.8,1085.4,799.5,28,38.5
269,212.0,0.0,124.8,159.0,7.8,1085.4,799.5,56,45.08
270,212.0,0.0,124.8,159.0,7.8,1085.4,799.5,100,47.82
271,231.8,0.0,121.6,174.0,6.7,1056.4,778.5,3,15.44
272,231.8,0.0,121.6,174.0,6.7,1056.4,778.5,14,26.77
273,231.8,0.0,121.6,174.0,6.7,1056.4,778.5,28,33.73
274,231.8,0.0,121.6,174.0,6.7,1056.4,778.5,56,42.7
275,231.8,0.0,121.6,174.0,6.7,1056.4,778.5,100,45.84
276,251.4,0.0,118.3,188.5,5.8,1028.4,757.7,3,17.22
277,251.4,0.0,118.3,188.5,5.8,1028.4,757.7,14,29.93
278,251.4,0.0,118.3,188.5,5.8,1028.4,757.7,28,29.65
279,251.4,0.0,118.3,188.5,5.8,1028.4,757.7,56,36.97
280,251.4,0.0,118.3,188.5,5.8,1028.4,757.7,100,43.58
281,251.4,0.0,118.3,188.5,6.4,1028.4,757.7,3,13.12
282,251.4,0.0,118.3,188.5,6.4,1028.4,757.7,14,24.43
283,251.4,0.0,118.3,188.5,6.4,1028.4,757.7,28,32.66
284,251.4,0.0,118.3,188.5,6.4,1028.4,757.7,56,36.64
285,251.4,0.0,118.3,188.5,6.4,1028.4,757.7,100,44.21
286,181.4,0.0,167.0,169.6,7.6,1055.6,777.8,3,13.62
287,181.4,0.0,167.0,169.6,7.6,1055.6,777.8,14,21.6
288,181.4,0.0,167.0,169.6,7.6,1055.6,777.8,28,27.77
289,181.4,0.0,167.0,169.6,7.6,1055.6,777.8,56,35.57
290,181.4,0.0,167.0,169.6,7.6,1055.6,777.8,100,45.37
291,182.0,45.2,122.0,170.2,8.2,1059.4,780.7,3,7.32
292,182.0,45.2,122.0,170.2,8.2,1059.4,780.7,14,21.5
293,182.0,45.2,122.0,170.2,8.2,1059.4,780.7,28,31.27
294,182.0,45.2,122.0,170.2,8.2,1059.4,780.7,56,43.5
295,182.0,45.2,122.0,170.2,8.2,1059.4,780.7,100,48.67
296,168.9,42.2,124.3,158.3,10.8,1080.8,796.2,3,7.4
297,168.9,42.2,124.3,158.3,10.8,1080.8,796.2,14,23.51
298,168.9,42.2,124.3,158.3,10.8,1080.8,796.2,28,31.12
299,168.9,42.2,124.3,158.3,10.8,1080.8,796.2,56,39.15
300,168.9,42.2,124.3,158.3,10.8,1080.8,796.2,100,48.15
301,290.4,0.0,96.2,168.1,9.4,961.2,865.0,3,22.5
302,290.4,0.0,96.2,168.1,9.4,961.2,865.0,14,34.67
303,290.4,0.0,96.2,168.1,9.4,961.2,865.0,28,34.74
304,290.4,0.0,96.2,168.1,9.4,961.2,865.0,56,45.08
305,290.4,0.0,96.2,168.1,9.4,961.2,865.0,100,48.97
306,277.1,0.0,97.4,160.6,11.8,973.9,875.6,3,23.14
307,277.1,0.0,97.4,160.6,11.8,973.9,875.6,14,41.89
308,277.1,0.0,97.4,160.6,11.8,973.9,875.6,28,48.28
309,277.1,0.0,97.4,160.6,11.8,973.9,875.6,56,51.04
310,277.1,0.0,97.4,160.6,11.8,973.9,875.6,100,55.64
311,295.7,0.0,95.6,171.5,8.9,955.1,859.2,3,22.95
312,295.7,0.0,95.6,171.5,8.9,955.1,859.2,14,35.23
313,295.7,0.0,95.6,171.5,8.9,955.1,859.2,28,39.94
314,295.7,0.0,95.6,171.5,8.9,955.1,859.2,56,48.72
315,295.7,0.0,95.6,171.5,8.9,955.1,859.2,100,52.04
316,251.8,0.0,99.9,146.1,12.4,1006.0,899.8,3,21.02
317,251.8,0.0,99.9,146.1,12.4,1006.0,899.8,14,33.36
318,251.8,0.0,99.9,146.1,12.4,1006.0,899.8,28,33.94
319,251.8,0.0,99.9,146.1,12.4,1006.0,899.8,56,44.14
320,251.8,0.0,99.9,146.1,12.4,1006.0,899.8,100,45.37
321,249.1,0.0,98.8,158.1,12.8,987.8,889.0,3,15.36
322,249.1,0.0,98.8,158.1,12.8,987.8,889.0,14,28.68
323,249.1,0.0,98.8,158.1,12.8,987.8,889.0,28,30.85
324,249.1,0.0,98.8,158.1,12.8,987.8,889.0,56,42.03
325,249.1,0.0,98.8,158.1,12.8,987.8,889.0,100,51.06
326,252.3,0.0,98.8,146.3,14.2,987.8,889.0,3,21.78
327,252.3,0.0,98.8,146.3,14.2,987.8,889.0,14,42.29
328,252.3,0.0,98.8,146.3,14.2,987.8,889.0,28,50.6
329,252.3,0.0,98.8,146.3,14.2,987.8,889.0,56,55.83
330,252.3,0.0,98.8,146.3,14.2,987.8,889.0,100,60.95
331,246.8,0.0,125.1,143.3,12.0,1086.8,800.9,3,23.52
332,246.8,0.0,125.1,143.3,12.0,1086.8,800.9,14,42.22
333,246.8,0.0,125.1,143.3,12.0,1086.8,800.9,28,52.5
334,246.8,0.0,125.1,143.3,12.0,1086.8,800.9,56,60.32
335,246.8,0.0,125.1,143.3,12.0,1086.8,800.9,100,66.42
336,275.1,0.0,121.4,159.5,9.9,1053.6,777.5,3,23.8
337,275.1,0.0,121.4,159.5,9.9,1053.6,777.5,14,38.77
338,275.1,0.0,121.4,159.5,9.9,1053.6,777.5,28,51.33
339,275.1,0.0,121.4,159.5,9.9,1053.6,777.5,56,56.85
340,275.1,0.0,121.4,159.5,9.9,1053.6,777.5,100,58.61
341,297.2,0.0,117.5,174.8,9.5,1022.8,753.5,3,21.91
342,297.2,0.0,117.5,174.8,9.5,1022.8,753.5,14,36.99
343,297.2,0.0,117.5,174.8,9.5,1022.8,753.5,28,47.4
344,297.2,0.0,117.5,174.8,9.5,1022.8,753.5,56,51.96
345,297.2,0.0,117.5,174.8,9.5,1022.8,753.5,100,56.74
346,213.7,0.0,174.7,154.8,10.2,1053.5,776.4,3,17.57
347,213.7,0.0,174.7,154.8,10.2,1053.5,776.4,14,33.73
348,213.7,0.0,174.7,154.8,10.2,1053.5,776.4,28,40.15
349,213.7,0.0,174.7,154.8,10.2,1053.5,776.4,56,46.64
350,213.7,0.0,174.7,154.8,10.2,1053.5,776.4,100,50.08
351,213.5,0.0,174.2,154.6,11.7,1052.3,775.5,3,17.37
352,213.5,0.0,174.2,154.6,11.7,1052.3,775.5,14,33.7
353,213.5,0.0,174.2,154.6,11.7,1052.3,775.5,28,45.94
354,213.5,0.0,174.2,154.6,11.7,1052.3,775.5,56,51.43
355,213.5,0.0,174.2,154.6,11.7,1052.3,775.5,100,59.3
356,277.2,97.8,24.5,160.7,11.2,1061.7,782.5,3,30.45
357,277.2,97.8,24.5,160.7,11.2,1061.7,782.5,14,47.71
358,277.2,97.8,24.5,160.7,11.2,1061.7,782.5,28,63.14
359,277.2,97.8,24.5,160.7,11.2,1061.7,782.5,56,66.82
360,277.2,97.8,24.5,160.7,11.2,1061.7,782.5,100,66.95
361,218.2,54.6,123.8,140.8,11.9,1075.7,792.7,3,27.42
362,218.2,54.6,123.8,140.8,11.9,1075.7,792.7,14,35.96
363,218.2,54.6,123.8,140.8,11.9,1075.7,792.7,28,55.51
364,218.2,54.6,123.8,140.8,11.9,1075.7,792.7,56,61.99
365,218.2,54.6,123.8,140.8,11.9,1075.7,792.7,100,63.53
366,214.9,53.8,121.9,155.6,9.6,1014.3,780.6,3,18.02
367,214.9,53.8,121.9,155.6,9.6,1014.3,780.6,14,38.6
368,214.9,53.8,121.9,155.6,9.6,1014.3,780.6,28,52.2
369,214.9,53.8,121.9,155.6,9.6,1014.3,780.6,56,53.96
370,214.9,53.8,121.9,155.6,9.6,1014.3,780.6,100,56.63
371,218.9,0.0,124.1,158.5,11.3,1078.7,794.9,3,15.34
372,218.9,0.0,124.1,158.5,11.3,1078.7,794.9,14,26.05
373,218.9,0.0,124.1,158.5,11.3,1078.7,794.9,28,30.22
374,218.9,0.0,124.1,158.5,11.3,1078.7,794.9,56,37.27
375,218.9,0.0,124.1,158.5,11.3,1078.7,794.9,100,46.23
376,376.0,0.0,0.0,214.6,0.0,1003.5,762.4,3,16.28
377,376.0,0.0,0.0,214.6,0.0,1003.5,762.4,14,25.62
378,376.0,0.0,0.0,214.6,0.0,1003.5,762.4,28,31.97
379,376.0,0.0,0.0,214.6,0.0,1003.5,762.4,56,36.3
380,376.0,0.0,0.0,214.6,0.0,1003.5,762.4,100,43.06
381,500.0,0.0,0.0,140.0,4.0,966.0,853.0,28,67.57
382,475.0,0.0,59.0,142.0,1.9,1098.0,641.0,28,57.23
383,315.0,137.0,0.0,145.0,5.9,1130.0,745.0,28,81.75
384,505.0,0.0,60.0,195.0,0.0,1030.0,630.0,28,64.02
385,451.0,0.0,0.0,165.0,11.3,1030.0,745.0,28,78.8
386,516.0,0.0,0.0,162.0,8.2,801.0,802.0,28,41.37
387,520.0,0.0,0.0,170.0,5.2,855.0,855.0,28,60.28
388,528.0,0.0,0.0,185.0,6.9,920.0,720.0,28,56.83
389,520.0,0.0,0.0,175.0,5.2,870.0,805.0,28,51.02
390,385.0,0.0,136.0,158.0,20.0,903.0,768.0,28,55.55
391,500.1,0.0,0.0,200.0,3.0,1124.4,613.2,28,44.13
392,450.1,50.0,0.0,200.0,3.0,1124.4,613.2,28,39.38
393,397.0,17.2,158.0,167.0,20.8,967.0,633.0,28,55.65
394,333.0,17.5,163.0,167.0,17.9,996.0,652.0,28,47.28
395,334.0,17.6,158.0,189.0,15.3,967.0,633.0,28,44.33
396,405.0,0.0,0.0,175.0,0.0,1120.0,695.0,28,52.3
397,200.0,200.0,0.0,190.0,0.0,1145.0,660.0,28,49.25
398,516.0,0.0,0.0,162.0,8.3,801.0,802.0,28,41.37
399,145.0,116.0,119.0,184.0,5.7,833.0,880.0,28,29.16
400,160.0,128.0,122.0,182.0,6.4,824.0,879.0,28,39.4
401,234.0,156.0,0.0,189.0,5.9,981.0,760.0,28,39.3
402,250.0,180.0,95.0,159.0,9.5,860.0,800.0,28,67.87
403,475.0,0.0,0.0,162.0,9.5,1044.0,662.0,28,58.52
404,285.0,190.0,0.0,163.0,7.6,1031.0,685.0,28,53.58
405,356.0,119.0,0.0,160.0,9.0,1061.0,657.0,28,59.0
406,275.0,180.0,120.0,162.0,10.4,830.0,765.0,28,76.24
407,500.0,0.0,0.0,151.0,9.0,1033.0,655.0,28,69.84
408,165.0,0.0,143.6,163.8,0.0,1005.6,900.9,3,14.4
409,165.0,128.5,132.1,175.1,8.1,1005.8,746.6,3,19.42
410,178.0,129.8,118.6,179.9,3.6,1007.3,746.8,3,20.73
411,167.4,129.9,128.6,175.5,7.8,1006.3,746.6,3,14.94
412,172.4,13.6,172.4,156.8,4.1,1006.3,856.4,3,21.29
413,173.5,50.1,173.5,164.8,6.5,1006.2,793.5,3,23.08
414,167.0,75.4,167.0,164.0,7.9,1007.3,770.1,3,15.52
415,173.8,93.4,159.9,172.3,9.7,1007.2,746.6,3,15.82
416,190.3,0.0,125.2,166.6,9.9,1079.0,798.9,3,12.55
417,250.0,0.0,95.7,191.8,5.3,948.9,857.2,3,8.49
418,213.5,0.0,174.2,159.2,11.7,1043.6,771.9,3,15.61
419,194.7,0.0,100.5,170.2,7.5,998.0,901.8,3,12.18
420,251.4,0.0,118.3,192.9,5.8,1043.6,754.3,3,11.98
421,165.0,0.0,143.6,163.8,0.0,1005.6,900.9,14,16.88
422,165.0,128.5,132.1,175.1,8.1,1005.8,746.6,14,33.09
423,178.0,129.8,118.6,179.9,3.6,1007.3,746.8,14,34.24
424,167.4,129.9,128.6,175.5,7.8,1006.3,746.6,14,31.81
425,172.4,13.6,172.4,156.8,4.1,1006.3,856.4,14,29.75
426,173.5,50.1,173.5,164.8,6.5,1006.2,793.5,14,33.01
427,167.0,75.4,167.0,164.0,7.9,1007.3,770.1,14,32.9
428,173.8,93.4,159.9,172.3,9.7,1007.2,746.6,14,29.55
429,190.3,0.0,125.2,166.6,9.9,1079.0,798.9,14,19.42
430,250.0,0.0,95.7,191.8,5.3,948.9,857.2,14,24.66
431,213.5,0.0,174.2,159.2,11.7,1043.6,771.9,14,29.59
432,194.7,0.0,100.5,170.2,7.5,998.0,901.8,14,24.28
433,251.4,0.0,118.3,192.9,5.8,1043.6,754.3,14,20.73
434,165.0,0.0,143.6,163.8,0.0,1005.6,900.9,28,26.2
435,165.0,128.5,132.1,175.1,8.1,1005.8,746.6,28,46.39
436,178.0,129.8,118.6,179.9,3.6,1007.3,746.8,28,39.16
437,167.4,129.9,128.6,175.5,7.8,1006.3,746.6,28,41.2
438,172.4,13.6,172.4,156.8,4.1,1006.3,856.4,28,33.69
439,173.5,50.1,173.5,164.8,6.5,1006.2,793.5,28,38.2
440,167.0,75.4,167.0,164.0,7.9,1007.3,770.1,28,41.41
441,173.8,93.4,159.9,172.3,9.7,1007.2,746.6,28,37.81
442,190.3,0.0,125.2,166.6,9.9,1079.0,798.9,28,24.85
443,250.0,0.0,95.7,191.8,5.3,948.9,857.2,28,27.22
444,213.5,0.0,174.2,159.2,11.7,1043.6,771.9,28,44.64
445,194.7,0.0,100.5,170.2,7.5,998.0,901.8,28,37.27
446,251.4,0.0,118.3,192.9,5.8,1043.6,754.3,28,33.27
447,165.0,0.0,143.6,163.8,0.0,1005.6,900.9,56,36.56
448,165.0,128.5,132.1,175.1,8.1,1005.8,746.6,56,53.72
449,178.0,129.8,118.6,179.9,3.6,1007.3,746.8,56,48.59
450,167.4,129.9,128.6,175.5,7.8,1006.3,746.6,56,51.72
451,172.4,13.6,172.4,156.8,4.1,1006.3,856.4,56,35.85
452,173.5,50.1,173.5,164.8,6.5,1006.2,793.5,56,53.77
453,167.0,75.4,167.0,164.0,7.9,1007.3,770.1,56,53.46
454,173.8,93.4,159.9,172.3,9.7,1007.2,746.6,56,48.99
455,190.3,0.0,125.2,166.6,9.9,1079.0,798.9,56,31.72
456,250.0,0.0,95.7,191.8,5.3,948.9,857.2,56,39.64
457,213.5,0.0,174.2,159.2,11.7,1043.6,771.9,56,51.26
458,194.7,0.0,100.5,170.2,7.5,998.0,901.8,56,43.39
459,251.4,0.0,118.3,192.9,5.8,1043.6,754.3,56,39.27
460,165.0,0.0,143.6,163.8,0.0,1005.6,900.9,100,37.96
461,165.0,128.5,132.1,175.1,8.1,1005.8,746.6,100,55.02
462,178.0,129.8,118.6,179.9,3.6,1007.3,746.8,100,49.99
463,167.4,129.9,128.6,175.5,7.8,1006.3,746.6,100,53.66
464,172.4,13.6,172.4,156.8,4.1,1006.3,856.4,100,37.68
465,173.5,50.1,173.5,164.8,6.5,1006.2,793.5,100,56.06
466,167.0,75.4,167.0,164.0,7.9,1007.3,770.1,100,56.81
467,173.8,93.4,159.9,172.3,9.7,1007.2,746.6,100,50.94
468,190.3,0.0,125.2,166.6,9.9,1079.0,798.9,100,33.56
469,250.0,0.0,95.7,191.8,5.3,948.9,857.2,100,41.16
470,213.5,0.0,174.2,159.2,11.7,1043.6,771.9,100,52.96
471,194.7,0.0,100.5,170.2,7.5,998.0,901.8,100,44.28
472,251.4,0.0,118.3,192.9,5.8,1043.6,754.3,100,40.15
473,446.0,24.0,79.0,162.0,11.6,967.0,712.0,28,57.03
474,446.0,24.0,79.0,162.0,11.6,967.0,712.0,28,44.42
475,446.0,24.0,79.0,162.0,11.6,967.0,712.0,28,51.02
476,446.0,24.0,79.0,162.0,10.3,967.0,712.0,28,53.39
477,446.0,24.0,79.0,162.0,11.6,967.0,712.0,3,35.36
478,446.0,24.0,79.0,162.0,11.6,967.0,712.0,3,25.02
479,446.0,24.0,79.0,162.0,11.6,967.0,712.0,3,23.35
480,446.0,24.0,79.0,162.0,11.6,967.0,712.0,7,52.01
481,446.0,24.0,79.0,162.0,11.6,967.0,712.0,7,38.02
482,446.0,24.0,79.0,162.0,11.6,967.0,712.0,7,39.3
483,446.0,24.0,79.0,162.0,11.6,967.0,712.0,56,61.07
484,446.0,24.0,79.0,162.0,11.6,967.0,712.0,56,56.14
485,446.0,24.0,79.0,162.0,11.6,967.0,712.0,56,55.25
486,446.0,24.0,79.0,162.0,10.3,967.0,712.0,56,54.77
487,387.0,20.0,94.0,157.0,14.3,938.0,845.0,28,50.24
488,387.0,20.0,94.0,157.0,13.9,938.0,845.0,28,46.68
489,387.0,20.0,94.0,157.0,11.6,938.0,845.0,28,46.68
490,387.0,20.0,94.0,157.0,14.3,938.0,845.0,3,22.75
491,387.0,20.0,94.0,157.0,13.9,938.0,845.0,3,25.51
492,387.0,20.0,94.0,157.0,11.6,938.0,845.0,3,34.77
493,387.0,20.0,94.0,157.0,14.3,938.0,845.0,7,36.84
494,387.0,20.0,94.0,157.0,13.9,938.0,845.0,7,45.9
495,387.0,20.0,94.0,157.0,11.6,938.0,845.0,7,41.67
496,387.0,20.0,94.0,157.0,14.3,938.0,845.0,56,56.34
497,387.0,20.0,94.0,157.0,13.9,938.0,845.0,56,47.97
498,387.0,20.0,94.0,157.0,11.6,938.0,845.0,56,61.46
499,355.0,19.0,97.0,145.0,13.1,967.0,871.0,28,44.03
500,355.0,19.0,97.0,145.0,12.3,967.0,871.0,28,55.45
501,491.0,26.0,123.0,210.0,3.9,882.0,699.0,28,55.55
502,491.0,26.0,123.0,201.0,3.9,822.0,699.0,28,57.92
503,491.0,26.0,123.0,210.0,3.9,882.0,699.0,3,25.61
504,491.0,26.0,123.0,210.0,3.9,882.0,699.0,7,33.49
505,491.0,26.0,123.0,210.0,3.9,882.0,699.0,56,59.59
506,491.0,26.0,123.0,201.0,3.9,822.0,699.0,3,29.55
507,491.0,26.0,123.0,201.0,3.9,822.0,699.0,7,37.92
508,491.0,26.0,123.0,201.0,3.9,822.0,699.0,56,61.86
509,424.0,22.0,132.0,178.0,8.5,822.0,750.0,28,62.05
510,424.0,22.0,132.0,178.0,8.5,882.0,750.0,3,32.01
511,424.0,22.0,132.0,168.0,8.9,822.0,750.0,28,72.1
512,424.0,22.0,132.0,178.0,8.5,822.0,750.0,7,39.0
513,424.0,22.0,132.0,178.0,8.5,822.0,750.0,56,65.7
514,424.0,22.0,132.0,168.0,8.9,822.0,750.0,3,32.11
515,424.0,22.0,132.0,168.0,8.9,822.0,750.0,7,40.29
516,424.0,22.0,132.0,168.0,8.9,822.0,750.0,56,74.36
517,202.0,11.0,141.0,206.0,1.7,942.0,801.0,28,21.97
518,202.0,11.0,141.0,206.0,1.7,942.0,801.0,3,9.85
519,202.0,11.0,141.0,206.0,1.7,942.0,801.0,7,15.07
520,202.0,11.0,141.0,206.0,1.7,942.0,801.0,56,23.25
521,284.0,15.0,141.0,179.0,5.5,842.0,801.0,28,43.73
522,284.0,15.0,141.0,179.0,5.5,842.0,801.0,3,13.4
523,284.0,15.0,141.0,179.0,5.5,842.0,801.0,7,24.13
524,284.0,15.0,141.0,179.0,5.5,842.0,801.0,56,44.52
525,359.0,19.0,141.0,154.0,10.9,942.0,801.0,28,62.94
526,359.0,19.0,141.0,154.0,10.9,942.0,801.0,28,59.49
527,359.0,19.0,141.0,154.0,10.9,942.0,801.0,3,25.12
528,359.0,19.0,141.0,154.0,10.9,942.0,801.0,3,23.64
529,359.0,19.0,141.0,154.0,10.9,942.0,801.0,7,35.75
530,359.0,19.0,141.0,154.0,10.9,942.0,801.0,7,38.61
531,359.0,19.0,141.0,154.0,10.9,942.0,801.0,56,68.75
532,359.0,19.0,141.0,154.0,10.9,942.0,801.0,56,66.78
533,436.0,0.0,0.0,218.0,0.0,838.4,719.7,28,23.85
534,289.0,0.0,0.0,192.0,0.0,913.2,895.3,90,32.07
535,289.0,0.0,0.0,192.0,0.0,913.2,895.3,3,11.65
536,393.0,0.0,0.0,192.0,0.0,940.6,785.6,3,19.2
537,393.0,0.0,0.0,192.0,0.0,940.6,785.6,90,48.85
538,393.0,0.0,0.0,192.0,0.0,940.6,785.6,28,39.6
539,480.0,0.0,0.0,192.0,0.0,936.2,712.2,28,43.94
540,480.0,0.0,0.0,192.0,0.0,936.2,712.2,7,34.57
541,480.0,0.0,0.0,192.0,0.0,936.2,712.2,90,54.32
542,480.0,0.0,0.0,192.0,0.0,936.2,712.2,3,24.4
543,333.0,0.0,0.0,192.0,0.0,931.2,842.6,3,15.62
544,255.0,0.0,0.0,192.0,0.0,889.8,945.0,90,21.86
545,255.0,0.0,0.0,192.0,0.0,889.8,945.0,7,10.22
546,289.0,0.0,0.0,192.0,0.0,913.2,895.3,7,14.6
547,255.0,0.0,0.0,192.0,0.0,889.8,945.0,28,18.75
548,333.0,0.0,0.0,192.0,0.0,931.2,842.6,28,31.97
549,333.0,0.0,0.0,192.0,0.0,931.2,842.6,7,23.4
550,289.0,0.0,0.0,192.0,0.0,913.2,895.3,28,25.57
551,333.0,0.0,0.0,192.0,0.0,931.2,842.6,90,41.68
552,393.0,0.0,0.0,192.0,0.0,940.6,785.6,7,27.74
553,255.0,0.0,0.0,192.0,0.0,889.8,945.0,3,8.2
554,158.8,238.2,0.0,185.7,0.0,1040.6,734.3,7,9.62
555,239.6,359.4,0.0,185.7,0.0,941.6,664.3,7,25.42
556,238.2,158.8,0.0,185.7,0.0,1040.6,734.3,7,15.69
557,181.9,272.8,0.0,185.7,0.0,1012.4,714.3,28,27.94
558,193.5,290.2,0.0,185.7,0.0,998.2,704.3,28,32.63
559,255.5,170.3,0.0,185.7,0.0,1026.6,724.3,7,17.24
560,272.8,181.9,0.0,185.7,0.0,1012.4,714.3,7,19.77
561,239.6,359.4,0.0,185.7,0.0,941.6,664.3,28,39.44
562,220.8,147.2,0.0,185.7,0.0,1055.0,744.3,28,25.75
563,397.0,0.0,0.0,185.7,0.0,1040.6,734.3,28,33.08
564,382.5,0.0,0.0,185.7,0.0,1047.8,739.3,7,24.07
565,210.7,316.1,0.0,185.7,0.0,977.0,689.3,7,21.82
566,158.8,238.2,0.0,185.7,0.0,1040.6,734.3,28,21.07
567,295.8,0.0,0.0,185.7,0.0,1091.4,769.3,7,14.84
568,255.5,170.3,0.0,185.7,0.0,1026.6,724.3,28,32.05
569,203.5,135.7,0.0,185.7,0.0,1076.2,759.3,7,11.96
570,397.0,0.0,0.0,185.7,0.0,1040.6,734.3,7,25.45
571,381.4,0.0,0.0,185.7,0.0,1104.6,784.3,28,22.49
572,295.8,0.0,0.0,185.7,0.0,1091.4,769.3,28,25.22
573,228.0,342.1,0.0,185.7,0.0,955.8,674.3,28,39.7
574,220.8,147.2,0.0,185.7,0.0,1055.0,744.3,7,13.09
575,316.1,210.7,0.0,185.7,0.0,977.0,689.3,28,38.7
576,135.7,203.5,0.0,185.7,0.0,1076.2,759.3,7,7.51
577,238.1,0.0,0.0,185.7,0.0,1118.8,789.3,28,17.58
578,339.2,0.0,0.0,185.7,0.0,1069.2,754.3,7,21.18
579,135.7,203.5,0.0,185.7,0.0,1076.2,759.3,28,18.2
580,193.5,290.2,0.0,185.7,0.0,998.2,704.3,7,17.2
581,203.5,135.7,0.0,185.7,0.0,1076.2,759.3,28,22.63
582,290.2,193.5,0.0,185.7,0.0,998.2,704.3,7,21.86
583,181.9,272.8,0.0,185.7,0.0,1012.4,714.3,7,12.37
584,170.3,155.5,0.0,185.7,0.0,1026.6,724.3,28,25.73
585,210.7,316.1,0.0,185.7,0.0,977.0,689.3,28,37.81
586,228.0,342.1,0.0,185.7,0.0,955.8,674.3,7,21.92
587,290.2,193.5,0.0,185.7,0.0,998.2,704.3,28,33.04
588,381.4,0.0,0.0,185.7,0.0,1104.6,784.3,7,14.54
589,238.2,158.8,0.0,185.7,0.0,1040.6,734.3,28,26.91
590,186.2,124.1,0.0,185.7,0.0,1083.4,764.3,7,8.0
591,339.2,0.0,0.0,185.7,0.0,1069.2,754.3,28,31.9
592,238.1,0.0,0.0,185.7,0.0,1118.8,789.3,7,10.34
593,252.5,0.0,0.0,185.7,0.0,1111.6,784.3,28,19.77
594,382.5,0.0,0.0,185.7,0.0,1047.8,739.3,28,37.44
595,252.5,0.0,0.0,185.7,0.0,1111.6,784.3,7,11.48
596,316.1,210.7,0.0,185.7,0.0,977.0,689.3,7,24.44
597,186.2,124.1,0.0,185.7,0.0,1083.4,764.3,28,17.6
598,170.3,155.5,0.0,185.7,0.0,1026.6,724.3,7,10.73
599,272.8,181.9,0.0,185.7,0.0,1012.4,714.3,28,31.38
600,339.0,0.0,0.0,197.0,0.0,968.0,781.0,3,13.22
601,339.0,0.0,0.0,197.0,0.0,968.0,781.0,7,20.97
602,339.0,0.0,0.0,197.0,0.0,968.0,781.0,14,27.04
603,339.0,0.0,0.0,197.0,0.0,968.0,781.0,28,32.04
604,339.0,0.0,0.0,197.0,0.0,968.0,781.0,90,35.17
605,339.0,0.0,0.0,197.0,0.0,968.0,781.0,180,36.45
606,339.0,0.0,0.0,197.0,0.0,968.0,781.0,365,38.89
607,236.0,0.0,0.0,194.0,0.0,968.0,885.0,3,6.47
608,236.0,0.0,0.0,194.0,0.0,968.0,885.0,14,12.84
609,236.0,0.0,0.0,194.0,0.0,968.0,885.0,28,18.42
610,236.0,0.0,0.0,194.0,0.0,968.0,885.0,90,21.95
611,236.0,0.0,0.0,193.0,0.0,968.0,885.0,180,24.1
612,236.0,0.0,0.0,193.0,0.0,968.0,885.0,365,25.08
613,277.0,0.0,0.0,191.0,0.0,968.0,856.0,14,21.26
614,277.0,0.0,0.0,191.0,0.0,968.0,856.0,28,25.97
615,277.0,0.0,0.0,191.0,0.0,968.0,856.0,3,11.36
616,277.0,0.0,0.0,191.0,0.0,968.0,856.0,90,31.25
617,277.0,0.0,0.0,191.0,0.0,968.0,856.0,180,32.33
618,277.0,0.0,0.0,191.0,0.0,968.0,856.0,360,33.7
619,254.0,0.0,0.0,198.0,0.0,968.0,863.0,3,9.31
620,254.0,0.0,0.0,198.0,0.0,968.0,863.0,90,26.94
621,254.0,0.0,0.0,198.0,0.0,968.0,863.0,180,27.63
622,254.0,0.0,0.0,198.0,0.0,968.0,863.0,365,29.79
623,307.0,0.0,0.0,193.0,0.0,968.0,812.0,180,34.49
624,307.0,0.0,0.0,193.0,0.0,968.0,812.0,365,36.15
625,307.0,0.0,0.0,193.0,0.0,968.0,812.0,3,12.54
626,307.0,0.0,0.0,193.0,0.0,968.0,812.0,28,27.53
627,307.0,0.0,0.0,193.0,0.0,968.0,812.0,90,32.92
628,236.0,0.0,0.0,193.0,0.0,968.0,885.0,7,9.99
629,200.0,0.0,0.0,180.0,0.0,1125.0,845.0,7,7.84
630,200.0,0.0,0.0,180.0,0.0,1125.0,845.0,28,12.25
631,225.0,0.0,0.0,181.0,0.0,1113.0,833.0,7,11.17
632,225.0,0.0,0.0,181.0,0.0,1113.0,833.0,28,17.34
633,325.0,0.0,0.0,184.0,0.0,1063.0,783.0,7,17.54
634,325.0,0.0,0.0,184.0,0.0,1063.0,783.0,28,30.57
635,275.0,0.0,0.0,183.0,0.0,1088.0,808.0,7,14.2
636,275.0,0.0,0.0,183.0,0.0,1088.0,808.0,28,24.5
637,300.0,0.0,0.0,184.0,0.0,1075.0,795.0,7,15.58
638,300.0,0.0,0.0,184.0,0.0,1075.0,795.0,28,26.85
639,375.0,0.0,0.0,186.0,0.0,1038.0,758.0,7,26.06
640,375.0,0.0,0.0,186.0,0.0,1038.0,758.0,28,38.21
641,400.0,0.0,0.0,187.0,0.0,1025.0,745.0,28,43.7
642,400.0,0.0,0.0,187.0,0.0,1025.0,745.0,7,30.14
643,250.0,0.0,0.0,182.0,0.0,1100.0,820.0,7,12.73
644,250.0,0.0,0.0,182.0,0.0,1100.0,820.0,28,20.87
645,350.0,0.0,0.0,186.0,0.0,1050.0,770.0,7,20.28
646,350.0,0.0,0.0,186.0,0.0,1050.0,770.0,28,34.29
647,203.5,305.3,0.0,203.5,0.0,963.4,630.0,7,19.54
648,250.2,166.8,0.0,203.5,0.0,977.6,694.1,90,47.71
649,157.0,236.0,0.0,192.0,0.0,935.4,781.2,90,43.38
650,141.3,212.0,0.0,203.5,0.0,971.8,748.5,28,29.89
651,166.8,250.2,0.0,203.5,0.0,975.6,692.6,3,6.9
652,122.6,183.9,0.0,203.5,0.0,958.2,800.1,90,33.19
653,183.9,122.6,0.0,203.5,0.0,959.2,800.0,3,4.9
654,102.0,153.0,0.0,192.0,0.0,887.0,942.0,3,4.57
655,102.0,153.0,0.0,192.0,0.0,887.0,942.0,90,25.46
656,122.6,183.9,0.0,203.5,0.0,958.2,800.1,28,24.29
657,166.8,250.2,0.0,203.5,0.0,975.6,692.6,28,33.95
658,200.0,133.0,0.0,192.0,0.0,965.4,806.2,3,11.41
659,108.3,162.4,0.0,203.5,0.0,938.2,849.0,28,20.59
660,305.3,203.5,0.0,203.5,0.0,965.4,631.0,7,25.89
661,108.3,162.4,0.0,203.5,0.0,938.2,849.0,90,29.23
662,116.0,173.0,0.0,192.0,0.0,909.8,891.9,90,31.02
663,141.3,212.0,0.0,203.5,0.0,971.8,748.5,7,10.39
664,157.0,236.0,0.0,192.0,0.0,935.4,781.2,28,33.66
665,133.0,200.0,0.0,192.0,0.0,927.4,839.2,28,27.87
666,250.2,166.8,0.0,203.5,0.0,977.6,694.1,7,19.35
667,173.0,116.0,0.0,192.0,0.0,946.8,856.8,7,11.39
668,192.0,288.0,0.0,192.0,0.0,929.8,716.1,3,12.79
669,192.0,288.0,0.0,192.0,0.0,929.8,716.1,28,39.32
670,153.0,102.0,0.0,192.0,0.0,888.0,943.1,3,4.78
671,288.0,192.0,0.0,192.0,0.0,932.0,717.8,3,16.11
672,305.3,203.5,0.0,203.5,0.0,965.4,631.0,28,43.38
673,236.0,157.0,0.0,192.0,0.0,972.6,749.1,7,20.42
674,173.0,116.0,0.0,192.0,0.0,946.8,856.8,3,6.94
675,212.0,141.3,0.0,203.5,0.0,973.4,750.0,7,15.03
676,236.0,157.0,0.0,192.0,0.0,972.6,749.1,3,13.57
677,183.9,122.6,0.0,203.5,0.0,959.2,800.0,90,32.53
678,166.8,250.2,0.0,203.5,0.0,975.6,692.6,7,15.75
679,102.0,153.0,0.0,192.0,0.0,887.0,942.0,7,7.68
680,288.0,192.0,0.0,192.0,0.0,932.0,717.8,28,38.8
681,212.0,141.3,0.0,203.5,0.0,973.4,750.0,28,33.0
682,102.0,153.0,0.0,192.0,0.0,887.0,942.0,28,17.28
683,173.0,116.0,0.0,192.0,0.0,946.8,856.8,28,24.28
684,183.9,122.6,0.0,203.5,0.0,959.2,800.0,28,24.05
685,133.0,200.0,0.0,192.0,0.0,927.4,839.2,90,36.59
686,192.0,288.0,0.0,192.0,0.0,929.8,716.1,90,50.73
687,133.0,200.0,0.0,192.0,0.0,927.4,839.2,7,13.66
688,305.3,203.5,0.0,203.5,0.0,965.4,631.0,3,14.14
689,236.0,157.0,0.0,192.0,0.0,972.6,749.1,90,47.78
690,108.3,162.4,0.0,203.5,0.0,938.2,849.0,3,2.33
691,157.0,236.0,0.0,192.0,0.0,935.4,781.2,7,16.89
692,288.0,192.0,0.0,192.0,0.0,932.0,717.8,7,23.52
693,212.0,141.3,0.0,203.5,0.0,973.4,750.0,3,6.81
694,212.0,141.3,0.0,203.5,0.0,973.4,750.0,90,39.7
695,153.0,102.0,0.0,192.0,0.0,888.0,943.1,28,17.96
696,236.0,157.0,0.0,192.0,0.0,972.6,749.1,28,32.88
697,116.0,173.0,0.0,192.0,0.0,909.8,891.9,28,22.35
698,183.9,122.6,0.0,203.5,0.0,959.2,800.0,7,10.79
699,108.3,162.4,0.0,203.5,0.0,938.2,849.0,7,7.72
700,203.5,305.3,0.0,203.5,0.0,963.4,630.0,28,41.68
701,203.5,305.3,0.0,203.5,0.0,963.4,630.0,3,9.56
702,133.0,200.0,0.0,192.0,0.0,927.4,839.2,3,6.88
703,288.0,192.0,0.0,192.0,0.0,932.0,717.8,90,50.53
704,200.0,133.0,0.0,192.0,0.0,965.4,806.2,7,17.17
705,200.0,133.0,0.0,192.0,0.0,965.4,806.2,28,30.44
706,250.2,166.8,0.0,203.5,0.0,977.6,694.1,3,9.73
707,122.6,183.9,0.0,203.5,0.0,958.2,800.1,3,3.32
708,153.0,102.0,0.0,192.0,0.0,888.0,943.1,90,26.32
709,200.0,133.0,0.0,192.0,0.0,965.4,806.2,90,43.25
710,116.0,173.0,0.0,192.0,0.0,909.8,891.9,3,6.28
711,173.0,116.0,0.0,192.0,0.0,946.8,856.8,90,32.1
712,250.2,166.8,0.0,203.5,0.0,977.6,694.1,28,36.96
713,305.3,203.5,0.0,203.5,0.0,965.4,631.0,90,54.6
714,192.0,288.0,0.0,192.0,0.0,929.8,716.1,7,21.48
715,157.0,236.0,0.0,192.0,0.0,935.4,781.2,3,9.69
716,153.0,102.0,0.0,192.0,0.0,888.0,943.1,7,8.37
717,141.3,212.0,0.0,203.5,0.0,971.8,748.5,90,39.66
718,116.0,173.0,0.0,192.0,0.0,909.8,891.9,7,10.09
719,141.3,212.0,0.0,203.5,0.0,971.8,748.5,3,4.83
720,122.6,183.9,0.0,203.5,0.0,958.2,800.1,7,10.35
721,166.8,250.2,0.0,203.5,0.0,975.6,692.6,90,43.57
722,203.5,305.3,0.0,203.5,0.0,963.4,630.0,90,51.86
723,310.0,0.0,0.0,192.0,0.0,1012.0,830.0,3,11.85
724,310.0,0.0,0.0,192.0,0.0,1012.0,830.0,7,17.24
725,310.0,0.0,0.0,192.0,0.0,1012.0,830.0,28,27.83
726,310.0,0.0,0.0,192.0,0.0,1012.0,830.0,90,35.76
727,310.0,0.0,0.0,192.0,0.0,1012.0,830.0,120,38.7
728,331.0,0.0,0.0,192.0,0.0,1025.0,821.0,3,14.31
729,331.0,0.0,0.0,192.0,0.0,1025.0,821.0,7,17.44
730,331.0,0.0,0.0,192.0,0.0,1025.0,821.0,28,31.74
731,331.0,0.0,0.0,192.0,0.0,1025.0,821.0,90,37.91
732,331.0,0.0,0.0,192.0,0.0,1025.0,821.0,120,39.38
733,349.0,0.0,0.0,192.0,0.0,1056.0,809.0,3,15.87
734,349.0,0.0,0.0,192.0,0.0,1056.0,809.0,7,9.01
735,349.0,0.0,0.0,192.0,0.0,1056.0,809.0,28,33.61
736,349.0,0.0,0.0,192.0,0.0,1056.0,809.0,90,40.66
737,349.0,0.0,0.0,192.0,0.0,1056.0,809.0,120,40.86
738,238.0,0.0,0.0,186.0,0.0,1119.0,789.0,7,12.05
739,238.0,0.0,0.0,186.0,0.0,1119.0,789.0,28,17.54
740,296.0,0.0,0.0,186.0,0.0,1090.0,769.0,7,18.91
741,296.0,0.0,0.0,186.0,0.0,1090.0,769.0,28,25.18
742,297.0,0.0,0.0,186.0,0.0,1040.0,734.0,7,30.96
743,480.0,0.0,0.0,192.0,0.0,936.0,721.0,28,43.89
744,480.0,0.0,0.0,192.0,0.0,936.0,721.0,90,54.28
745,397.0,0.0,0.0,186.0,0.0,1040.0,734.0,28,36.94
746,281.0,0.0,0.0,186.0,0.0,1104.0,774.0,7,14.5
747,281.0,0.0,0.0,185.0,0.0,1104.0,774.0,28,22.44
748,500.0,0.0,0.0,200.0,0.0,1125.0,613.0,1,12.64
749,500.0,0.0,0.0,200.0,0.0,1125.0,613.0,3,26.06
750,500.0,0.0,0.0,200.0,0.0,1125.0,613.0,7,33.21
751,500.0,0.0,0.0,200.0,0.0,1125.0,613.0,14,36.94
752,500.0,0.0,0.0,200.0,0.0,1125.0,613.0,28,44.09
753,540.0,0.0,0.0,173.0,0.0,1125.0,613.0,7,52.61
754,540.0,0.0,0.0,173.0,0.0,1125.0,613.0,14,59.76
755,540.0,0.0,0.0,173.0,0.0,1125.0,613.0,28,67.31
756,540.0,0.0,0.0,173.0,0.0,1125.0,613.0,90,69.66
757,540.0,0.0,0.0,173.0,0.0,1125.0,613.0,180,71.62
758,540.0,0.0,0.0,173.0,0.0,1125.0,613.0,270,74.17
759,350.0,0.0,0.0,203.0,0.0,974.0,775.0,7,18.13
760,350.0,0.0,0.0,203.0,0.0,974.0,775.0,14,22.53
761,350.0,0.0,0.0,203.0,0.0,974.0,775.0,28,27.34
762,350.0,0.0,0.0,203.0,0.0,974.0,775.0,56,29.98
763,350.0,0.0,0.0,203.0,0.0,974.0,775.0,90,31.35
764,350.0,0.0,0.0,203.0,0.0,974.0,775.0,180,32.72
765,385.0,0.0,0.0,186.0,0.0,966.0,763.0,1,6.27
766,385.0,0.0,0.0,186.0,0.0,966.0,763.0,3,14.7
767,385.0,0.0,0.0,186.0,0.0,966.0,763.0,7,23.22
768,385.0,0.0,0.0,186.0,0.0,966.0,763.0,14,27.92
769,385.0,0.0,0.0,186.0,0.0,966.0,763.0,28,31.35
770,331.0,0.0,0.0,192.0,0.0,978.0,825.0,180,39.0
771,331.0,0.0,0.0,192.0,0.0,978.0,825.0,360,41.24
772,349.0,0.0,0.0,192.0,0.0,1047.0,806.0,3,14.99
773,331.0,0.0,0.0,192.0,0.0,978.0,825.0,3,13.52
774,382.0,0.0,0.0,186.0,0.0,1047.0,739.0,7,24.0
775,382.0,0.0,0.0,186.0,0.0,1047.0,739.0,28,37.42
776,382.0,0.0,0.0,186.0,0.0,1111.0,784.0,7,11.47
777,281.0,0.0,0.0,186.0,0.0,1104.0,774.0,28,22.44
778,339.0,0.0,0.0,185.0,0.0,1069.0,754.0,7,21.16
779,339.0,0.0,0.0,185.0,0.0,1069.0,754.0,28,31.84
780,295.0,0.0,0.0,185.0,0.0,1069.0,769.0,7,14.8
781,295.0,0.0,0.0,185.0,0.0,1069.0,769.0,28,25.18
782,238.0,0.0,0.0,185.0,0.0,1118.0,789.0,28,17.54
783,296.0,0.0,0.0,192.0,0.0,1085.0,765.0,7,14.2
784,296.0,0.0,0.0,192.0,0.0,1085.0,765.0,28,21.65
785,296.0,0.0,0.0,192.0,0.0,1085.0,765.0,90,29.39
786,331.0,0.0,0.0,192.0,0.0,879.0,825.0,3,13.52
787,331.0,0.0,0.0,192.0,0.0,978.0,825.0,7,16.26
788,331.0,0.0,0.0,192.0,0.0,978.0,825.0,28,31.45
789,331.0,0.0,0.0,192.0,0.0,978.0,825.0,90,37.23
790,349.0,0.0,0.0,192.0,0.0,1047.0,806.0,7,18.13
791,349.0,0.0,0.0,192.0,0.0,1047.0,806.0,28,32.72
792,349.0,0.0,0.0,192.0,0.0,1047.0,806.0,90,39.49
793,349.0,0.0,0.0,192.0,0.0,1047.0,806.0,180,41.05
794,349.0,0.0,0.0,192.0,0.0,1047.0,806.0,360,42.13
795,302.0,0.0,0.0,203.0,0.0,974.0,817.0,14,18.13
796,302.0,0.0,0.0,203.0,0.0,974.0,817.0,180,26.74
797,525.0,0.0,0.0,189.0,0.0,1125.0,613.0,180,61.92
798,500.0,0.0,0.0,200.0,0.0,1125.0,613.0,90,47.22
799,500.0,0.0,0.0,200.0,0.0,1125.0,613.0,180,51.04
800,500.0,0.0,0.0,200.0,0.0,1125.0,613.0,270,55.16
801,540.0,0.0,0.0,173.0,0.0,1125.0,613.0,3,41.64
802,252.0,0.0,0.0,185.0,0.0,1111.0,784.0,7,13.71
803,252.0,0.0,0.0,185.0,0.0,1111.0,784.0,28,19.69
804,339.0,0.0,0.0,185.0,0.0,1060.0,754.0,28,31.65
805,393.0,0.0,0.0,192.0,0.0,940.0,758.0,3,19.11
806,393.0,0.0,0.0,192.0,0.0,940.0,758.0,28,39.58
807,393.0,0.0,0.0,192.0,0.0,940.0,758.0,90,48.79
808,382.0,0.0,0.0,185.0,0.0,1047.0,739.0,7,24.0
809,382.0,0.0,0.0,185.0,0.0,1047.0,739.0,28,37.42
810,252.0,0.0,0.0,186.0,0.0,1111.0,784.0,7,11.47
812,310.0,0.0,0.0,192.0,0.0,970.0,850.0,7,14.99
813,310.0,0.0,0.0,192.0,0.0,970.0,850.0,28,27.92
814,310.0,0.0,0.0,192.0,0.0,970.0,850.0,90,34.68
815,310.0,0.0,0.0,192.0,0.0,970.0,850.0,180,37.33
816,310.0,0.0,0.0,192.0,0.0,970.0,850.0,360,38.11
817,525.0,0.0,0.0,189.0,0.0,1125.0,613.0,3,33.8
818,525.0,0.0,0.0,189.0,0.0,1125.0,613.0,7,42.42
819,525.0,0.0,0.0,189.0,0.0,1125.0,613.0,14,48.4
820,525.0,0.0,0.0,189.0,0.0,1125.0,613.0,28,55.94
821,525.0,0.0,0.0,189.0,0.0,1125.0,613.0,90,58.78
822,525.0,0.0,0.0,189.0,0.0,1125.0,613.0,270,67.11
823,322.0,0.0,0.0,203.0,0.0,974.0,800.0,14,20.77
824,322.0,0.0,0.0,203.0,0.0,974.0,800.0,28,25.18
825,322.0,0.0,0.0,203.0,0.0,974.0,800.0,180,29.59
826,302.0,0.0,0.0,203.0,0.0,974.0,817.0,28,21.75
827,397.0,0.0,0.0,185.0,0.0,1040.0,734.0,28,39.09
828,480.0,0.0,0.0,192.0,0.0,936.0,721.0,3,24.39
829,522.0,0.0,0.0,146.0,0.0,896.0,896.0,7,50.51
830,522.0,0.0,0.0,146.0,0.0,896.0,896.0,28,74.99
831,273.0,105.0,82.0,210.0,9.0,904.0,680.0,28,37.17
832,162.0,190.0,148.0,179.0,19.0,838.0,741.0,28,33.76
833,154.0,144.0,112.0,220.0,10.0,923.0,658.0,28,16.5
834,147.0,115.0,89.0,202.0,9.0,860.0,829.0,28,19.99
835,152.0,178.0,139.0,168.0,18.0,944.0,695.0,28,36.35
836,310.0,143.0,111.0,168.0,22.0,914.0,651.0,28,33.69
837,144.0,0.0,175.0,158.0,18.0,943.0,844.0,28,15.42
838,304.0,140.0,0.0,214.0,6.0,895.0,722.0,28,33.42
839,374.0,0.0,0.0,190.0,7.0,1013.0,730.0,28,39.05
840,159.0,149.0,116.0,175.0,15.0,953.0,720.0,28,27.68
841,153.0,239.0,0.0,200.0,6.0,1002.0,684.0,28,26.86
842,310.0,143.0,0.0,168.0,10.0,914.0,804.0,28,45.3
843,305.0,0.0,100.0,196.0,10.0,959.0,705.0,28,30.12
844,151.0,0.0,184.0,167.0,12.0,991.0,772.0,28,15.57
845,142.0,167.0,130.0,174.0,11.0,883.0,785.0,28,44.61
846,298.0,137.0,107.0,201.0,6.0,878.0,655.0,28,53.52
847,321.0,164.0,0.0,190.0,5.0,870.0,774.0,28,57.21
848,366.0,187.0,0.0,191.0,7.0,824.0,757.0,28,65.91
849,280.0,129.0,100.0,172.0,9.0,825.0,805.0,28,52.82
850,252.0,97.0,76.0,194.0,8.0,835.0,821.0,28,33.4
851,165.0,0.0,150.0,182.0,12.0,1023.0,729.0,28,18.03
852,156.0,243.0,0.0,180.0,11.0,1022.0,698.0,28,37.36
853,160.0,188.0,146.0,203.0,11.0,829.0,710.0,28,32.84
854,298.0,0.0,107.0,186.0,6.0,879.0,815.0,28,42.64
855,318.0,0.0,126.0,210.0,6.0,861.0,737.0,28,40.06
856,287.0,121.0,94.0,188.0,9.0,904.0,696.0,28,41.94
857,326.0,166.0,0.0,174.0,9.0,882.0,790.0,28,61.23
858,356.0,0.0,142.0,193.0,11.0,801.0,778.0,28,40.87
859,132.0,207.0,161.0,179.0,5.0,867.0,736.0,28,33.3
860,322.0,149.0,0.0,186.0,8.0,951.0,709.0,28,52.42
861,164.0,0.0,200.0,181.0,13.0,849.0,846.0,28,15.09
862,314.0,0.0,113.0,170.0,10.0,925.0,783.0,28,38.46
863,321.0,0.0,128.0,182.0,11.0,870.0,780.0,28,37.26
864,140.0,164.0,128.0,237.0,6.0,869.0,656.0,28,35.23
865,288.0,121.0,0.0,177.0,7.0,908.0,829.0,28,42.13
866,298.0,0.0,107.0,210.0,11.0,880.0,744.0,28,31.87
867,265.0,111.0,86.0,195.0,6.0,833.0,790.0,28,41.54
868,160.0,250.0,0.0,168.0,12.0,1049.0,688.0,28,39.45
869,166.0,260.0,0.0,183.0,13.0,859.0,827.0,28,37.91
870,276.0,116.0,90.0,180.0,9.0,870.0,768.0,28,44.28
871,322.0,0.0,116.0,196.0,10.0,818.0,813.0,28,31.18
872,149.0,139.0,109.0,193.0,6.0,892.0,780.0,28,23.69
873,159.0,187.0,0.0,176.0,11.0,990.0,789.0,28,32.76
874,261.0,100.0,78.0,201.0,9.0,864.0,761.0,28,32.4
875,237.0,92.0,71.0,247.0,6.0,853.0,695.0,28,28.63
876,313.0,0.0,113.0,178.0,8.0,1002.0,689.0,28,36.8
877,155.0,183.0,0.0,193.0,9.0,1047.0,697.0,28,18.28
878,146.0,230.0,0.0,202.0,3.0,827.0,872.0,28,33.06
879,296.0,0.0,107.0,221.0,11.0,819.0,778.0,28,31.42
880,133.0,210.0,0.0,196.0,3.0,949.0,795.0,28,31.03
881,313.0,145.0,0.0,178.0,8.0,867.0,824.0,28,44.39
882,152.0,0.0,112.0,184.0,8.0,992.0,816.0,28,12.18
883,153.0,145.0,113.0,178.0,8.0,1002.0,689.0,28,25.56
884,140.0,133.0,103.0,200.0,7.0,916.0,753.0,28,36.44
885,149.0,236.0,0.0,176.0,13.0,847.0,893.0,28,32.96
886,300.0,0.0,120.0,212.0,10.0,878.0,728.0,28,23.84
887,153.0,145.0,113.0,178.0,8.0,867.0,824.0,28,26.23
888,148.0,0.0,137.0,158.0,16.0,1002.0,830.0,28,17.95
889,326.0,0.0,138.0,199.0,11.0,801.0,792.0,28,40.68
890,153.0,145.0,0.0,178.0,8.0,1000.0,822.0,28,19.01
891,262.0,111.0,86.0,195.0,5.0,895.0,733.0,28,33.72
892,158.0,0.0,195.0,220.0,11.0,898.0,713.0,28,8.54
893,151.0,0.0,185.0,167.0,16.0,1074.0,678.0,28,13.46
894,273.0,0.0,90.0,199.0,11.0,931.0,762.0,28,32.24
895,149.0,118.0,92.0,183.0,7.0,953.0,780.0,28,23.52
896,143.0,169.0,143.0,191.0,8.0,967.0,643.0,28,29.72
897,260.0,101.0,78.0,171.0,10.0,936.0,763.0,28,49.77
898,313.0,161.0,0.0,178.0,10.0,917.0,759.0,28,52.44
899,284.0,120.0,0.0,168.0,7.0,970.0,794.0,28,40.93
900,336.0,0.0,0.0,182.0,3.0,986.0,817.0,28,44.86
901,145.0,0.0,134.0,181.0,11.0,979.0,812.0,28,13.2
902,150.0,237.0,0.0,174.0,12.0,1069.0,675.0,28,37.43
903,144.0,170.0,133.0,192.0,8.0,814.0,805.0,28,29.87
904,331.0,170.0,0.0,195.0,8.0,811.0,802.0,28,56.61
905,155.0,0.0,143.0,193.0,9.0,1047.0,697.0,28,12.46
906,155.0,183.0,0.0,193.0,9.0,877.0,868.0,28,23.79
907,135.0,0.0,166.0,180.0,10.0,961.0,805.0,28,13.29
908,266.0,112.0,87.0,178.0,10.0,910.0,745.0,28,39.42
909,314.0,145.0,113.0,179.0,8.0,869.0,690.0,28,46.23
910,313.0,145.0,0.0,127.0,8.0,1000.0,822.0,28,44.52
911,146.0,173.0,0.0,182.0,3.0,986.0,817.0,28,23.74
912,144.0,136.0,106.0,178.0,7.0,941.0,774.0,28,26.14
913,148.0,0.0,182.0,181.0,15.0,839.0,884.0,28,15.52
914,277.0,117.0,91.0,191.0,7.0,946.0,666.0,28,43.57
915,298.0,0.0,107.0,164.0,13.0,953.0,784.0,28,35.86
916,313.0,145.0,0.0,178.0,8.0,1002.0,689.0,28,41.05
917,155.0,184.0,143.0,194.0,9.0,880.0,699.0,28,28.99
918,289.0,134.0,0.0,195.0,6.0,924.0,760.0,28,46.24
919,148.0,175.0,0.0,171.0,2.0,1000.0,828.0,28,26.92
920,145.0,0.0,179.0,202.0,8.0,824.0,869.0,28,10.54
921,313.0,0.0,0.0,178.0,8.0,1000.0,822.0,28,25.1
922,136.0,162.0,126.0,172.0,10.0,923.0,764.0,28,29.07
923,155.0,0.0,143.0,193.0,9.0,877.0,868.0,28,9.74
924,255.0,99.0,77.0,189.0,6.0,919.0,749.0,28,33.8
925,162.0,207.0,172.0,216.0,10.0,822.0,638.0,28,39.84
926,136.0,196.0,98.0,199.0,6.0,847.0,783.0,28,26.97
927,164.0,163.0,128.0,197.0,8.0,961.0,641.0,28,27.23
928,162.0,214.0,164.0,202.0,10.0,820.0,680.0,28,30.65
929,157.0,214.0,152.0,200.0,9.0,819.0,704.0,28,33.05
930,149.0,153.0,194.0,192.0,8.0,935.0,623.0,28,24.58
931,135.0,105.0,193.0,196.0,6.0,965.0,643.0,28,21.91
932,159.0,209.0,161.0,201.0,7.0,848.0,669.0,28,30.88
933,144.0,15.0,195.0,176.0,6.0,1021.0,709.0,28,15.34
934,154.0,174.0,185.0,228.0,7.0,845.0,612.0,28,24.34
935,167.0,187.0,195.0,185.0,7.0,898.0,636.0,28,23.89
936,184.0,86.0,190.0,213.0,6.0,923.0,623.0,28,22.93
937,156.0,178.0,187.0,221.0,7.0,854.0,614.0,28,29.41
938,236.9,91.7,71.5,246.9,6.0,852.9,695.4,28,28.63
939,313.3,0.0,113.0,178.5,8.0,1001.9,688.7,28,36.8
940,154.8,183.4,0.0,193.3,9.1,1047.4,696.7,28,18.29
941,145.9,230.5,0.0,202.5,3.4,827.0,871.8,28,32.72
942,296.0,0.0,106.7,221.4,10.5,819.2,778.4,28,31.42
943,133.1,210.2,0.0,195.7,3.1,949.4,795.3,28,28.94
944,313.3,145.0,0.0,178.5,8.0,867.2,824.0,28,40.93
945,151.6,0.0,111.9,184.4,7.9,992.0,815.9,28,12.18
946,153.1,145.0,113.0,178.5,8.0,1001.9,688.7,28,25.56
947,139.9,132.6,103.3,200.3,7.4,916.0,753.4,28,36.44
948,149.5,236.0,0.0,175.8,12.6,846.8,892.7,28,32.96
949,299.8,0.0,119.8,211.5,9.9,878.2,727.6,28,23.84
950,153.1,145.0,113.0,178.5,8.0,867.2,824.0,28,26.23
951,148.1,0.0,136.6,158.1,16.1,1001.8,830.1,28,17.96
952,326.5,0.0,137.9,199.0,10.8,801.1,792.5,28,38.63
953,152.7,144.7,0.0,178.1,8.0,999.7,822.2,28,19.01
954,261.9,110.5,86.1,195.4,5.0,895.2,732.6,28,33.72
955,158.4,0.0,194.9,219.7,11.0,897.7,712.9,28,8.54
956,150.7,0.0,185.3,166.7,15.6,1074.5,678.0,28,13.46
957,272.6,0.0,89.6,198.7,10.6,931.3,762.2,28,32.25
958,149.0,117.6,91.7,182.9,7.1,953.4,780.3,28,23.52
959,143.0,169.4,142.7,190.7,8.4,967.4,643.5,28,29.73
960,259.9,100.6,78.4,170.6,10.4,935.7,762.9,28,49.77
961,312.9,160.5,0.0,177.6,9.6,916.6,759.5,28,52.45
962,284.0,119.7,0.0,168.3,7.2,970.4,794.2,28,40.93
963,336.5,0.0,0.0,181.9,3.4,985.8,816.8,28,44.87
964,144.8,0.0,133.6,180.8,11.1,979.5,811.5,28,13.2
965,150.0,236.8,0.0,173.8,11.9,1069.3,674.8,28,37.43
966,143.7,170.2,132.6,191.6,8.5,814.1,805.3,28,29.87
967,330.5,169.6,0.0,194.9,8.1,811.0,802.3,28,56.62
968,154.8,0.0,142.8,193.3,9.1,1047.4,696.7,28,12.46
969,154.8,183.4,0.0,193.3,9.1,877.2,867.7,28,23.79
970,134.7,0.0,165.7,180.2,10.0,961.0,804.9,28,13.29
971,266.2,112.3,87.5,177.9,10.4,909.7,744.5,28,39.42
972,314.0,145.3,113.2,178.9,8.0,869.1,690.2,28,46.23
973,312.7,144.7,0.0,127.3,8.0,999.7,822.2,28,44.52
974,145.7,172.6,0.0,181.9,3.4,985.8,816.8,28,23.74
975,143.8,136.3,106.2,178.1,7.5,941.5,774.3,28,26.15
976,148.1,0.0,182.1,181.4,15.0,838.9,884.3,28,15.53
977,277.0,116.8,91.0,190.6,7.0,946.5,665.6,28,43.58
978,298.1,0.0,107.5,163.6,12.8,953.2,784.0,28,35.87
979,313.3,145.0,0.0,178.5,8.0,1001.9,688.7,28,41.05
980,155.2,183.9,143.2,193.8,9.2,879.6,698.5,28,28.99
981,289.0,133.7,0.0,194.9,5.5,924.1,760.1,28,46.25
982,147.8,175.1,0.0,171.2,2.2,1000.0,828.5,28,26.92
983,145.4,0.0,178.9,201.7,7.8,824.0,868.7,28,10.54
984,312.7,0.0,0.0,178.1,8.0,999.7,822.2,28,25.1
985,136.4,161.6,125.8,171.6,10.4,922.6,764.4,28,29.07
986,154.8,0.0,142.8,193.3,9.1,877.2,867.7,28,9.74
987,255.3,98.8,77.0,188.6,6.5,919.0,749.3,28,33.8
988,272.8,105.1,81.8,209.7,9.0,904.0,679.7,28,37.17
989,162.0,190.1,148.1,178.8,18.8,838.1,741.4,28,33.76
990,153.6,144.2,112.3,220.1,10.1,923.2,657.9,28,16.5
991,146.5,114.6,89.3,201.9,8.8,860.0,829.5,28,19.99
992,151.8,178.1,138.7,167.5,18.3,944.0,694.6,28,36.35
993,309.9,142.8,111.2,167.8,22.1,913.9,651.2,28,38.22
994,143.6,0.0,174.9,158.4,17.9,942.7,844.5,28,15.42
995,303.6,139.9,0.0,213.5,6.2,895.5,722.5,28,33.42
996,374.3,0.0,0.0,190.2,6.7,1013.2,730.4,28,39.06
997,158.6,148.9,116.0,175.1,15.0,953.3,719.7,28,27.68
998,152.6,238.7,0.0,200.0,6.3,1001.8,683.9,28,26.86
999,310.0,142.8,0.0,167.9,10.0,914.3,804.0,28,45.3
1000,304.8,0.0,99.6,196.0,9.8,959.4,705.2,28,30.12
1001,150.9,0.0,183.9,166.6,11.6,991.2,772.2,28,15.57
1002,141.9,166.6,129.7,173.5,10.9,882.6,785.3,28,44.61
1003,297.8,137.2,106.9,201.3,6.0,878.4,655.3,28,53.52
1004,321.3,164.2,0.0,190.5,4.6,870.0,774.0,28,57.22
1005,366.0,187.0,0.0,191.3,6.6,824.3,756.9,28,65.91
1006,279.8,128.9,100.4,172.4,9.5,825.1,804.9,28,52.83
1007,252.1,97.1,75.6,193.8,8.3,835.5,821.4,28,33.4
1008,164.6,0.0,150.4,181.6,11.7,1023.3,728.9,28,18.03
1009,155.6,243.5,0.0,180.3,10.7,1022.0,697.7,28,37.36
1010,160.2,188.0,146.4,203.2,11.3,828.7,709.7,28,35.31
1011,298.1,0.0,107.0,186.4,6.1,879.0,815.2,28,42.64
1012,317.9,0.0,126.5,209.7,5.7,860.5,736.6,28,40.06
1013,287.3,120.5,93.9,187.6,9.2,904.4,695.9,28,43.8
1014,325.6,166.4,0.0,174.0,8.9,881.6,790.0,28,61.24
1015,355.9,0.0,141.6,193.3,11.0,801.4,778.4,28,40.87
1016,132.0,206.5,160.9,178.9,5.5,866.9,735.6,28,33.31
1017,322.5,148.6,0.0,185.8,8.5,951.0,709.5,28,52.43
1018,164.2,0.0,200.1,181.2,12.6,849.3,846.0,28,15.09
1019,313.8,0.0,112.6,169.9,10.1,925.3,782.9,28,38.46
1020,321.4,0.0,127.9,182.5,11.5,870.1,779.7,28,37.27
1021,139.7,163.9,127.7,236.7,5.8,868.6,655.6,28,35.23
1022,288.4,121.0,0.0,177.4,7.0,907.9,829.5,28,42.14
1023,298.2,0.0,107.0,209.7,11.1,879.6,744.2,28,31.88
1024,264.5,111.0,86.5,195.5,5.9,832.6,790.4,28,41.54
1025,159.8,250.0,0.0,168.4,12.2,1049.3,688.2,28,39.46
1026,166.0,259.7,0.0,183.2,12.7,858.8,826.8,28,37.92
1027,276.4,116.0,90.3,179.6,8.9,870.1,768.3,28,44.28
1028,322.2,0.0,115.6,196.0,10.4,817.9,813.4,28,31.18
1029,148.5,139.4,108.6,192.7,6.1,892.4,780.0,28,23.7
1030,159.1,186.7,0.0,175.6,11.3,989.6,788.9,28,32.77
1031,260.9,100.5,78.3,200.6,8.6,864.5,761.5,28,32.4
